name,type,address,city,district,latitude,longitude,phone,email,website,instagram,priceRange,capacity,amenities,description,operatingHours,vipEnabled,coverImage,imageUrls,logoUrl
"The Tipsy Tavern",PUB,"123 Main Street","New York","Manhattan",40.7128,-74.0060,"+1-555-0123","info@tipsytavern.com","https://tipsytavern.com","@tipsytavern",MODERATE,150,"DANCE_FLOOR,SPORTS_TV,POOL_TABLE","A cozy pub with great drinks and friendly atmosphere","{""monday"":{""open"":""16:00"",""close"":""02:00""},""tuesday"":{""open"":""16:00"",""close"":""02:00""},""wednesday"":{""open"":""16:00"",""close"":""02:00""},""thursday"":{""open"":""16:00"",""close"":""02:00""},""friday"":{""open"":""16:00"",""close"":""04:00""},""saturday"":{""open"":""14:00"",""close"":""04:00""},""sunday"":{""open"":""14:00"",""close"":""02:00""}}",true,"https://example.com/cover1.jpg","https://example.com/img1.jpg,https://example.com/img2.jpg","https://example.com/logo1.jpg"
"Neon Nightclub",CLUB,"456 Broadway","New York","Manhattan",40.7195,-74.0022,"+1-555-0124","events@neonclub.com","https://neonclub.com","@neonclub",PREMIUM,300,"DANCE_FLOOR,VIP_SECTION,COAT_CHECK","High-energy nightclub with top DJs and premium cocktails","{""monday"":{""open"":""22:00"",""close"":""04:00""},""tuesday"":{""open"":""22:00"",""close"":""04:00""},""wednesday"":{""open"":""22:00"",""close"":""04:00""},""thursday"":{""open"":""22:00"",""close"":""04:00""},""friday"":{""open"":""22:00"",""close"":""06:00""},""saturday"":{""open"":""22:00"",""close"":""06:00""},""sunday"":{""open"":""22:00"",""close"":""04:00""}}",true,"https://example.com/cover2.jpg","https://example.com/img3.jpg,https://example.com/img4.jpg","https://example.com/logo2.jpg"
"Beer Garden",LOUNGE,"789 Park Ave","Brooklyn","Brooklyn",40.6782,-73.9442,"+1-555-0125","hello@beergarden.com","https://beergarden.com","@beergarden",BUDGET,200,"OUTDOOR_SEATING,LIVE_MUSIC","Relaxed outdoor drinking spot with craft beers","{""monday"":{""open"":""16:00"",""close"":""00:00""},""tuesday"":{""open"":""16:00"",""close"":""00:00""},""wednesday"":{""open"":""16:00"",""close"":""00:00""},""thursday"":{""open"":""16:00"",""close"":""00:00""},""friday"":{""open"":""16:00"",""close"":""02:00""},""saturday"":{""open"":""12:00"",""close"":""02:00""},""sunday"":{""open"":""12:00"",""close"":""22:00""}}",false,"https://example.com/cover3.jpg","https://example.com/img5.jpg,https://example.com/img6.jpg","https://example.com/logo3.jpg"
